seed,method,n_iter,dataset,value
11A,random,0,cifar10_simclr,0.7351333333333333
11A,random,1,cifar10_simclr,0.8737333333333334
11A,random,2,cifar10_simclr,0.8997666666666667
11A,random,3,cifar10_simclr,0.9079999999999999
11A,random,4,cifar10_simclr,0.9122
11A,random,5,cifar10_simclr,0.9149666666666668
11A,random,6,cifar10_simclr,0.9178666666666668
11A,random,7,cifar10_simclr,0.9179333333333334
11A,random,8,cifar10_simclr,0.9190333333333334
11A,random,9,cifar10_simclr,0.9187666666666666
11A,margin,0,cifar10_simclr,0.7527666666666667
11A,margin,1,cifar10_simclr,0.8769
11A,margin,2,cifar10_simclr,0.9041333333333332
11A,margin,3,cifar10_simclr,0.9144
11A,margin,4,cifar10_simclr,0.9191333333333334
11A,margin,5,cifar10_simclr,0.9213333333333332
11A,margin,6,cifar10_simclr,0.924
11A,margin,7,cifar10_simclr,0.9256666666666666
11A,margin,8,cifar10_simclr,0.9262333333333334
11A,margin,9,cifar10_simclr,0.9265
11A,entropy,0,cifar10_simclr,0.7297333333333333
11A,entropy,1,cifar10_simclr,0.8781
11A,entropy,2,cifar10_simclr,0.9027666666666668
11A,entropy,3,cifar10_simclr,0.9116333333333332
11A,entropy,4,cifar10_simclr,0.9175
11A,entropy,5,cifar10_simclr,0.9215
11A,entropy,6,cifar10_simclr,0.9237
11A,entropy,7,cifar10_simclr,0.9253666666666668
11A,entropy,8,cifar10_simclr,0.9255333333333332
11A,entropy,9,cifar10_simclr,0.9260333333333334
11A,wkmeans,0,cifar10_simclr,0.7325333333333334
11A,wkmeans,1,cifar10_simclr,0.8791333333333333
11A,wkmeans,2,cifar10_simclr,0.9049666666666668
11A,wkmeans,3,cifar10_simclr,0.9139
11A,wkmeans,4,cifar10_simclr,0.9176
11A,wkmeans,5,cifar10_simclr,0.9210666666666668
11A,wkmeans,6,cifar10_simclr,0.9221333333333334
11A,wkmeans,7,cifar10_simclr,0.9234666666666668
11A,wkmeans,8,cifar10_simclr,0.9222333333333332
11A,wkmeans,9,cifar10_simclr,0.9242
11A,iwkmeans,0,cifar10_simclr,0.7343333333333333
11A,iwkmeans,1,cifar10_simclr,0.8779
11A,iwkmeans,2,cifar10_simclr,0.9022
11A,iwkmeans,3,cifar10_simclr,0.9117666666666666
11A,iwkmeans,4,cifar10_simclr,0.9163666666666668
11A,iwkmeans,5,cifar10_simclr,0.9194666666666668
11A,iwkmeans,6,cifar10_simclr,0.9212
11A,iwkmeans,7,cifar10_simclr,0.9229
11A,iwkmeans,8,cifar10_simclr,0.9230666666666668
11A,iwkmeans,9,cifar10_simclr,0.9239
11B,random,0,cifar10_simclr,0.6943666666666667
11B,random,1,cifar10_simclr,0.8644666666666667
11B,random,2,cifar10_simclr,0.8946666666666667
11B,random,3,cifar10_simclr,0.9055
11B,random,4,cifar10_simclr,0.9102666666666668
11B,random,5,cifar10_simclr,0.9130333333333334
11B,random,6,cifar10_simclr,0.9149
11B,random,7,cifar10_simclr,0.9157
11B,random,8,cifar10_simclr,0.9167
11B,random,9,cifar10_simclr,0.9179
11B,margin,0,cifar10_simclr,0.7383
11B,margin,1,cifar10_simclr,0.8765666666666667
11B,margin,2,cifar10_simclr,0.9038333333333334
11B,margin,3,cifar10_simclr,0.9144666666666666
11B,margin,4,cifar10_simclr,0.9192333333333332
11B,margin,5,cifar10_simclr,0.9214
11B,margin,6,cifar10_simclr,0.9222333333333332
11B,margin,7,cifar10_simclr,0.9245666666666666
11B,margin,8,cifar10_simclr,0.9258
11B,margin,9,cifar10_simclr,0.9259999999999999
11B,entropy,0,cifar10_simclr,0.7292333333333333
11B,entropy,1,cifar10_simclr,0.8690000000000001
11B,entropy,2,cifar10_simclr,0.8971333333333333
11B,entropy,3,cifar10_simclr,0.907
11B,entropy,4,cifar10_simclr,0.9133333333333332
11B,entropy,5,cifar10_simclr,0.9183333333333332
11B,entropy,6,cifar10_simclr,0.9215666666666666
11B,entropy,7,cifar10_simclr,0.9232
11B,entropy,8,cifar10_simclr,0.9237
11B,entropy,9,cifar10_simclr,0.9245666666666666
11B,wkmeans,0,cifar10_simclr,0.7264333333333334
11B,wkmeans,1,cifar10_simclr,0.8735666666666667
11B,wkmeans,2,cifar10_simclr,0.9000333333333334
11B,wkmeans,3,cifar10_simclr,0.9093666666666668
11B,wkmeans,4,cifar10_simclr,0.9148666666666668
11B,wkmeans,5,cifar10_simclr,0.9165666666666666
11B,wkmeans,6,cifar10_simclr,0.919
11B,wkmeans,7,cifar10_simclr,0.9202
11B,wkmeans,8,cifar10_simclr,0.9207333333333332
11B,wkmeans,9,cifar10_simclr,0.9222333333333332
11B,iwkmeans,0,cifar10_simclr,0.6993666666666667
11B,iwkmeans,1,cifar10_simclr,0.8699
11B,iwkmeans,2,cifar10_simclr,0.9001333333333333
11B,iwkmeans,3,cifar10_simclr,0.9102666666666668
11B,iwkmeans,4,cifar10_simclr,0.9152333333333332
11B,iwkmeans,5,cifar10_simclr,0.9173666666666668
11B,iwkmeans,6,cifar10_simclr,0.9194
11B,iwkmeans,7,cifar10_simclr,0.9205
11B,iwkmeans,8,cifar10_simclr,0.9219
11B,iwkmeans,9,cifar10_simclr,0.9219666666666668
22A,random,0,cifar10_simclr,0.6996666666666667
22A,random,1,cifar10_simclr,0.8634333333333334
22A,random,2,cifar10_simclr,0.8948666666666667
22A,random,3,cifar10_simclr,0.9072666666666668
22A,random,4,cifar10_simclr,0.9119333333333334
22A,random,5,cifar10_simclr,0.915
22A,random,6,cifar10_simclr,0.9166333333333332
22A,random,7,cifar10_simclr,0.9171666666666668
22A,random,8,cifar10_simclr,0.9180666666666668
22A,random,9,cifar10_simclr,0.9187333333333332
22A,margin,0,cifar10_simclr,0.7077333333333333
22A,margin,1,cifar10_simclr,0.8699666666666667
22A,margin,2,cifar10_simclr,0.9009999999999999
22A,margin,3,cifar10_simclr,0.9128
22A,margin,4,cifar10_simclr,0.9183666666666668
22A,margin,5,cifar10_simclr,0.9207666666666666
22A,margin,6,cifar10_simclr,0.9241666666666668
22A,margin,7,cifar10_simclr,0.9251666666666668
22A,margin,8,cifar10_simclr,0.9252333333333334
22A,margin,9,cifar10_simclr,0.9266666666666666
22A,entropy,0,cifar10_simclr,0.7373
22A,entropy,1,cifar10_simclr,0.8747
22A,entropy,2,cifar10_simclr,0.9002666666666667
22A,entropy,3,cifar10_simclr,0.9098666666666668
22A,entropy,4,cifar10_simclr,0.9159
22A,entropy,5,cifar10_simclr,0.9197
22A,entropy,6,cifar10_simclr,0.9222666666666668
22A,entropy,7,cifar10_simclr,0.9236666666666666
22A,entropy,8,cifar10_simclr,0.9249
22A,entropy,9,cifar10_simclr,0.9251333333333334
22A,wkmeans,0,cifar10_simclr,0.7411
22A,wkmeans,1,cifar10_simclr,0.8787333333333334
22A,wkmeans,2,cifar10_simclr,0.9029
22A,wkmeans,3,cifar10_simclr,0.9119333333333334
22A,wkmeans,4,cifar10_simclr,0.9175333333333332
22A,wkmeans,5,cifar10_simclr,0.9203333333333332
22A,wkmeans,6,cifar10_simclr,0.9217666666666666
22A,wkmeans,7,cifar10_simclr,0.9231333333333334
22A,wkmeans,8,cifar10_simclr,0.9230333333333334
22A,wkmeans,9,cifar10_simclr,0.9230333333333334
22A,iwkmeans,0,cifar10_simclr,0.7442
22A,iwkmeans,1,cifar10_simclr,0.8769333333333333
22A,iwkmeans,2,cifar10_simclr,0.9014
22A,iwkmeans,3,cifar10_simclr,0.9123
22A,iwkmeans,4,cifar10_simclr,0.917
22A,iwkmeans,5,cifar10_simclr,0.9191
22A,iwkmeans,6,cifar10_simclr,0.9206
22A,iwkmeans,7,cifar10_simclr,0.9225666666666666
22A,iwkmeans,8,cifar10_simclr,0.9236
22A,iwkmeans,9,cifar10_simclr,0.9237
22B,random,0,cifar10_simclr,0.7139
22B,random,1,cifar10_simclr,0.8662666666666666
22B,random,2,cifar10_simclr,0.895
22B,random,3,cifar10_simclr,0.9042333333333332
22B,random,4,cifar10_simclr,0.9093
22B,random,5,cifar10_simclr,0.9115
22B,random,6,cifar10_simclr,0.9133666666666668
22B,random,7,cifar10_simclr,0.9138666666666668
22B,random,8,cifar10_simclr,0.9149333333333334
22B,random,9,cifar10_simclr,0.9165333333333332
22B,margin,0,cifar10_simclr,0.7484
22B,margin,1,cifar10_simclr,0.8764333333333333
22B,margin,2,cifar10_simclr,0.9032
22B,margin,3,cifar10_simclr,0.9117333333333332
22B,margin,4,cifar10_simclr,0.9169666666666668
22B,margin,5,cifar10_simclr,0.9191333333333334
22B,margin,6,cifar10_simclr,0.9222
22B,margin,7,cifar10_simclr,0.9228333333333332
22B,margin,8,cifar10_simclr,0.9231666666666668
22B,margin,9,cifar10_simclr,0.9233666666666668
22B,entropy,0,cifar10_simclr,0.7560333333333333
22B,entropy,1,cifar10_simclr,0.8748666666666667
22B,entropy,2,cifar10_simclr,0.8996333333333333
22B,entropy,3,cifar10_simclr,0.9101333333333332
22B,entropy,4,cifar10_simclr,0.9150666666666668
22B,entropy,5,cifar10_simclr,0.9188
22B,entropy,6,cifar10_simclr,0.9213666666666668
22B,entropy,7,cifar10_simclr,0.9227
22B,entropy,8,cifar10_simclr,0.9242333333333334
22B,entropy,9,cifar10_simclr,0.9246
22B,wkmeans,0,cifar10_simclr,0.7449333333333333
22B,wkmeans,1,cifar10_simclr,0.8796333333333334
22B,wkmeans,2,cifar10_simclr,0.9052
22B,wkmeans,3,cifar10_simclr,0.9138
22B,wkmeans,4,cifar10_simclr,0.9171
22B,wkmeans,5,cifar10_simclr,0.9194333333333332
22B,wkmeans,6,cifar10_simclr,0.9216666666666666
22B,wkmeans,7,cifar10_simclr,0.9223333333333332
22B,wkmeans,8,cifar10_simclr,0.9228
22B,wkmeans,9,cifar10_simclr,0.9232333333333334
22B,iwkmeans,0,cifar10_simclr,0.7559
22B,iwkmeans,1,cifar10_simclr,0.8782
22B,iwkmeans,2,cifar10_simclr,0.9023333333333332
22B,iwkmeans,3,cifar10_simclr,0.9103333333333332
22B,iwkmeans,4,cifar10_simclr,0.9146
22B,iwkmeans,5,cifar10_simclr,0.9164666666666668
22B,iwkmeans,6,cifar10_simclr,0.9181666666666668
22B,iwkmeans,7,cifar10_simclr,0.9173666666666668
22B,iwkmeans,8,cifar10_simclr,0.9195333333333332
22B,iwkmeans,9,cifar10_simclr,0.9198666666666668
33A,random,0,cifar10_simclr,0.7223333333333334
33A,random,1,cifar10_simclr,0.8646333333333334
33A,random,2,cifar10_simclr,0.8915666666666666
33A,random,3,cifar10_simclr,0.9035333333333332
33A,random,4,cifar10_simclr,0.9075
33A,random,5,cifar10_simclr,0.9106666666666666
33A,random,6,cifar10_simclr,0.9112
33A,random,7,cifar10_simclr,0.9138333333333334
33A,random,8,cifar10_simclr,0.9147666666666666
33A,random,9,cifar10_simclr,0.9154666666666668
33A,margin,0,cifar10_simclr,0.7443333333333333
33A,margin,1,cifar10_simclr,0.8759333333333333
33A,margin,2,cifar10_simclr,0.9019666666666668
33A,margin,3,cifar10_simclr,0.9126
33A,margin,4,cifar10_simclr,0.9176333333333332
33A,margin,5,cifar10_simclr,0.9202
33A,margin,6,cifar10_simclr,0.9218
33A,margin,7,cifar10_simclr,0.9229666666666668
33A,margin,8,cifar10_simclr,0.9234
33A,margin,9,cifar10_simclr,0.9241666666666668
33A,entropy,0,cifar10_simclr,0.7384333333333334
33A,entropy,1,cifar10_simclr,0.8677666666666667
33A,entropy,2,cifar10_simclr,0.8945333333333333
33A,entropy,3,cifar10_simclr,0.9068333333333334
33A,entropy,4,cifar10_simclr,0.9146333333333332
33A,entropy,5,cifar10_simclr,0.9187
33A,entropy,6,cifar10_simclr,0.9221666666666668
33A,entropy,7,cifar10_simclr,0.9226333333333332
33A,entropy,8,cifar10_simclr,0.9237333333333332
33A,entropy,9,cifar10_simclr,0.9244
33A,wkmeans,0,cifar10_simclr,0.7493
33A,wkmeans,1,cifar10_simclr,0.8773333333333333
33A,wkmeans,2,cifar10_simclr,0.9018666666666668
33A,wkmeans,3,cifar10_simclr,0.9112666666666668
33A,wkmeans,4,cifar10_simclr,0.9157666666666666
33A,wkmeans,5,cifar10_simclr,0.9176666666666666
33A,wkmeans,6,cifar10_simclr,0.9193666666666668
33A,wkmeans,7,cifar10_simclr,0.9212666666666668
33A,wkmeans,8,cifar10_simclr,0.9221666666666668
33A,wkmeans,9,cifar10_simclr,0.9236666666666666
33A,iwkmeans,0,cifar10_simclr,0.7336
33A,iwkmeans,1,cifar10_simclr,0.8737666666666667
33A,iwkmeans,2,cifar10_simclr,0.9008666666666668
33A,iwkmeans,3,cifar10_simclr,0.9112
33A,iwkmeans,4,cifar10_simclr,0.9158666666666668
33A,iwkmeans,5,cifar10_simclr,0.9177
33A,iwkmeans,6,cifar10_simclr,0.9192
33A,iwkmeans,7,cifar10_simclr,0.9210333333333334
33A,iwkmeans,8,cifar10_simclr,0.922
33A,iwkmeans,9,cifar10_simclr,0.9219
33B,random,0,cifar10_simclr,0.7252333333333333
33B,random,1,cifar10_simclr,0.8644333333333334
33B,random,2,cifar10_simclr,0.8936666666666667
33B,random,3,cifar10_simclr,0.9048
33B,random,4,cifar10_simclr,0.9102333333333332
33B,random,5,cifar10_simclr,0.9141666666666668
33B,random,6,cifar10_simclr,0.9161
33B,random,7,cifar10_simclr,0.9168666666666668
33B,random,8,cifar10_simclr,0.9178333333333332
33B,random,9,cifar10_simclr,0.9184
33B,margin,0,cifar10_simclr,0.7099
33B,margin,1,cifar10_simclr,0.8790666666666667
33B,margin,2,cifar10_simclr,0.9032333333333332
33B,margin,3,cifar10_simclr,0.9149
33B,margin,4,cifar10_simclr,0.9187333333333332
33B,margin,5,cifar10_simclr,0.9208666666666666
33B,margin,6,cifar10_simclr,0.9221666666666668
33B,margin,7,cifar10_simclr,0.9245666666666666
33B,margin,8,cifar10_simclr,0.9254666666666668
33B,margin,9,cifar10_simclr,0.9261666666666668
33B,entropy,0,cifar10_simclr,0.7278333333333333
33B,entropy,1,cifar10_simclr,0.8795333333333333
33B,entropy,2,cifar10_simclr,0.9040666666666668
33B,entropy,3,cifar10_simclr,0.9132666666666668
33B,entropy,4,cifar10_simclr,0.9181
33B,entropy,5,cifar10_simclr,0.9207
33B,entropy,6,cifar10_simclr,0.9226
33B,entropy,7,cifar10_simclr,0.9243666666666668
33B,entropy,8,cifar10_simclr,0.9260666666666668
33B,entropy,9,cifar10_simclr,0.9259
33B,wkmeans,0,cifar10_simclr,0.7256
33B,wkmeans,1,cifar10_simclr,0.8723666666666666
33B,wkmeans,2,cifar10_simclr,0.9011333333333332
33B,wkmeans,3,cifar10_simclr,0.912
33B,wkmeans,4,cifar10_simclr,0.9184333333333332
33B,wkmeans,5,cifar10_simclr,0.9204666666666668
33B,wkmeans,6,cifar10_simclr,0.9219333333333334
33B,wkmeans,7,cifar10_simclr,0.9231
33B,wkmeans,8,cifar10_simclr,0.9233666666666668
33B,wkmeans,9,cifar10_simclr,0.9235666666666666
33B,iwkmeans,0,cifar10_simclr,0.7499333333333333
33B,iwkmeans,1,cifar10_simclr,0.8785333333333334
33B,iwkmeans,2,cifar10_simclr,0.9052
33B,iwkmeans,3,cifar10_simclr,0.9134333333333332
33B,iwkmeans,4,cifar10_simclr,0.9168
33B,iwkmeans,5,cifar10_simclr,0.9191333333333334
33B,iwkmeans,6,cifar10_simclr,0.9209
33B,iwkmeans,7,cifar10_simclr,0.9225666666666666
33B,iwkmeans,8,cifar10_simclr,0.9229
33B,iwkmeans,9,cifar10_simclr,0.9224666666666668
44A,random,0,cifar10_simclr,0.7082
44A,random,1,cifar10_simclr,0.8674333333333333
44A,random,2,cifar10_simclr,0.8963666666666666
44A,random,3,cifar10_simclr,0.9082666666666668
44A,random,4,cifar10_simclr,0.9143666666666668
44A,random,5,cifar10_simclr,0.9163666666666668
44A,random,6,cifar10_simclr,0.9172333333333332
44A,random,7,cifar10_simclr,0.9177666666666666
44A,random,8,cifar10_simclr,0.9187333333333332
44A,random,9,cifar10_simclr,0.9183
44A,margin,0,cifar10_simclr,0.7352666666666666
44A,margin,1,cifar10_simclr,0.8809
44A,margin,2,cifar10_simclr,0.9083
44A,margin,3,cifar10_simclr,0.9159999999999999
44A,margin,4,cifar10_simclr,0.9198666666666668
44A,margin,5,cifar10_simclr,0.9216666666666666
44A,margin,6,cifar10_simclr,0.9236666666666666
44A,margin,7,cifar10_simclr,0.9248666666666666
44A,margin,8,cifar10_simclr,0.9256333333333332
44A,margin,9,cifar10_simclr,0.9265666666666666
44A,entropy,0,cifar10_simclr,0.7315333333333334
44A,entropy,1,cifar10_simclr,0.8750666666666667
44A,entropy,2,cifar10_simclr,0.9041
44A,entropy,3,cifar10_simclr,0.9139333333333334
44A,entropy,4,cifar10_simclr,0.9193666666666668
44A,entropy,5,cifar10_simclr,0.9218333333333332
44A,entropy,6,cifar10_simclr,0.9243333333333332
44A,entropy,7,cifar10_simclr,0.9250666666666668
44A,entropy,8,cifar10_simclr,0.9252666666666668
44A,entropy,9,cifar10_simclr,0.9264
44A,wkmeans,0,cifar10_simclr,0.7314666666666667
44A,wkmeans,1,cifar10_simclr,0.8785
44A,wkmeans,2,cifar10_simclr,0.9060333333333334
44A,wkmeans,3,cifar10_simclr,0.9160333333333334
44A,wkmeans,4,cifar10_simclr,0.9196
44A,wkmeans,5,cifar10_simclr,0.9214333333333332
44A,wkmeans,6,cifar10_simclr,0.9223333333333332
44A,wkmeans,7,cifar10_simclr,0.9246
44A,wkmeans,8,cifar10_simclr,0.9252666666666668
44A,wkmeans,9,cifar10_simclr,0.9256666666666666
44A,iwkmeans,0,cifar10_simclr,0.7341
44A,iwkmeans,1,cifar10_simclr,0.8778
44A,iwkmeans,2,cifar10_simclr,0.9060333333333334
44A,iwkmeans,3,cifar10_simclr,0.9160333333333334
44A,iwkmeans,4,cifar10_simclr,0.9191666666666668
44A,iwkmeans,5,cifar10_simclr,0.9201
44A,iwkmeans,6,cifar10_simclr,0.9212666666666668
44A,iwkmeans,7,cifar10_simclr,0.9233
44A,iwkmeans,8,cifar10_simclr,0.9237666666666666
44A,iwkmeans,9,cifar10_simclr,0.9240666666666668
44B,random,0,cifar10_simclr,0.7457
44B,random,1,cifar10_simclr,0.8694666666666667
44B,random,2,cifar10_simclr,0.8955333333333333
44B,random,3,cifar10_simclr,0.9051666666666668
44B,random,4,cifar10_simclr,0.9113
44B,random,5,cifar10_simclr,0.9135333333333332
44B,random,6,cifar10_simclr,0.9156333333333332
44B,random,7,cifar10_simclr,0.9175666666666666
44B,random,8,cifar10_simclr,0.9178333333333332
44B,random,9,cifar10_simclr,0.9174666666666668
44B,margin,0,cifar10_simclr,0.7103666666666667
44B,margin,1,cifar10_simclr,0.8731333333333333
44B,margin,2,cifar10_simclr,0.9019333333333334
44B,margin,3,cifar10_simclr,0.9111333333333334
44B,margin,4,cifar10_simclr,0.9176
44B,margin,5,cifar10_simclr,0.9209
44B,margin,6,cifar10_simclr,0.9228333333333332
44B,margin,7,cifar10_simclr,0.9236
44B,margin,8,cifar10_simclr,0.9247
44B,margin,9,cifar10_simclr,0.9256666666666666
44B,entropy,0,cifar10_simclr,0.7162
44B,entropy,1,cifar10_simclr,0.8708
44B,entropy,2,cifar10_simclr,0.8987
44B,entropy,3,cifar10_simclr,0.9093333333333332
44B,entropy,4,cifar10_simclr,0.9159333333333334
44B,entropy,5,cifar10_simclr,0.9191
44B,entropy,6,cifar10_simclr,0.9227666666666666
44B,entropy,7,cifar10_simclr,0.9240666666666668
44B,entropy,8,cifar10_simclr,0.9248666666666666
44B,entropy,9,cifar10_simclr,0.9252666666666668
44B,wkmeans,0,cifar10_simclr,0.7373666666666666
44B,wkmeans,1,cifar10_simclr,0.8793666666666666
44B,wkmeans,2,cifar10_simclr,0.9033333333333332
44B,wkmeans,3,cifar10_simclr,0.9135
44B,wkmeans,4,cifar10_simclr,0.9166333333333332
44B,wkmeans,5,cifar10_simclr,0.9204
44B,wkmeans,6,cifar10_simclr,0.9215
44B,wkmeans,7,cifar10_simclr,0.9230333333333334
44B,wkmeans,8,cifar10_simclr,0.9237666666666666
44B,wkmeans,9,cifar10_simclr,0.9248333333333332
44B,iwkmeans,0,cifar10_simclr,0.7055
44B,iwkmeans,1,cifar10_simclr,0.8691333333333333
44B,iwkmeans,2,cifar10_simclr,0.8979
44B,iwkmeans,3,cifar10_simclr,0.9079666666666668
44B,iwkmeans,4,cifar10_simclr,0.9137333333333332
44B,iwkmeans,5,cifar10_simclr,0.9162666666666668
44B,iwkmeans,6,cifar10_simclr,0.9191
44B,iwkmeans,7,cifar10_simclr,0.9200666666666668
44B,iwkmeans,8,cifar10_simclr,0.9203333333333332
44B,iwkmeans,9,cifar10_simclr,0.9214333333333332
55A,random,0,cifar10_simclr,0.7269
55A,random,1,cifar10_simclr,0.8672
55A,random,2,cifar10_simclr,0.8951
55A,random,3,cifar10_simclr,0.9070666666666668
55A,random,4,cifar10_simclr,0.9118333333333334
55A,random,5,cifar10_simclr,0.914
55A,random,6,cifar10_simclr,0.9161666666666668
55A,random,7,cifar10_simclr,0.9162666666666668
55A,random,8,cifar10_simclr,0.9170666666666668
55A,random,9,cifar10_simclr,0.9171333333333334
55A,margin,0,cifar10_simclr,0.7373
55A,margin,1,cifar10_simclr,0.8766666666666667
55A,margin,2,cifar10_simclr,0.9027
55A,margin,3,cifar10_simclr,0.9120333333333334
55A,margin,4,cifar10_simclr,0.9175666666666666
55A,margin,5,cifar10_simclr,0.9188666666666668
55A,margin,6,cifar10_simclr,0.9207333333333332
55A,margin,7,cifar10_simclr,0.9233
55A,margin,8,cifar10_simclr,0.9235
55A,margin,9,cifar10_simclr,0.9237
55A,entropy,0,cifar10_simclr,0.6810666666666667
55A,entropy,1,cifar10_simclr,0.8674333333333333
55A,entropy,2,cifar10_simclr,0.8991666666666667
55A,entropy,3,cifar10_simclr,0.9090333333333334
55A,entropy,4,cifar10_simclr,0.9142666666666668
55A,entropy,5,cifar10_simclr,0.9173666666666668
55A,entropy,6,cifar10_simclr,0.9196333333333332
55A,entropy,7,cifar10_simclr,0.9207333333333332
55A,entropy,8,cifar10_simclr,0.9215666666666666
55A,entropy,9,cifar10_simclr,0.9219
55A,wkmeans,0,cifar10_simclr,0.7052
55A,wkmeans,1,cifar10_simclr,0.8742333333333333
55A,wkmeans,2,cifar10_simclr,0.9005666666666666
55A,wkmeans,3,cifar10_simclr,0.9110333333333334
55A,wkmeans,4,cifar10_simclr,0.9152333333333332
55A,wkmeans,5,cifar10_simclr,0.9184666666666668
55A,wkmeans,6,cifar10_simclr,0.9201666666666668
55A,wkmeans,7,cifar10_simclr,0.9209999999999999
55A,wkmeans,8,cifar10_simclr,0.9231333333333334
55A,wkmeans,9,cifar10_simclr,0.9233
55A,iwkmeans,0,cifar10_simclr,0.7369333333333333
55A,iwkmeans,1,cifar10_simclr,0.8794666666666666
55A,iwkmeans,2,cifar10_simclr,0.9024666666666666
55A,iwkmeans,3,cifar10_simclr,0.9113333333333332
55A,iwkmeans,4,cifar10_simclr,0.9159
55A,iwkmeans,5,cifar10_simclr,0.9175
55A,iwkmeans,6,cifar10_simclr,0.9199333333333334
55A,iwkmeans,7,cifar10_simclr,0.9206333333333332
55A,iwkmeans,8,cifar10_simclr,0.9210666666666668
55A,iwkmeans,9,cifar10_simclr,0.9212333333333332
55B,random,0,cifar10_simclr,0.7189666666666666
55B,random,1,cifar10_simclr,0.8625666666666667
55B,random,2,cifar10_simclr,0.8957666666666667
55B,random,3,cifar10_simclr,0.9067666666666668
55B,random,4,cifar10_simclr,0.9112666666666668
55B,random,5,cifar10_simclr,0.9146666666666666
55B,random,6,cifar10_simclr,0.9159666666666668
55B,random,7,cifar10_simclr,0.9181333333333334
55B,random,8,cifar10_simclr,0.9189333333333334
55B,random,9,cifar10_simclr,0.9191333333333334
55B,margin,0,cifar10_simclr,0.7478333333333333
55B,margin,1,cifar10_simclr,0.8829
55B,margin,2,cifar10_simclr,0.9049666666666668
55B,margin,3,cifar10_simclr,0.9159
55B,margin,4,cifar10_simclr,0.9193
55B,margin,5,cifar10_simclr,0.9211666666666668
55B,margin,6,cifar10_simclr,0.9235333333333332
55B,margin,7,cifar10_simclr,0.9243
55B,margin,8,cifar10_simclr,0.9251333333333334
55B,margin,9,cifar10_simclr,0.9256666666666666
55B,entropy,0,cifar10_simclr,0.7078666666666666
55B,entropy,1,cifar10_simclr,0.8780666666666667
55B,entropy,2,cifar10_simclr,0.9031666666666668
55B,entropy,3,cifar10_simclr,0.9119666666666668
55B,entropy,4,cifar10_simclr,0.9177
55B,entropy,5,cifar10_simclr,0.9206333333333332
55B,entropy,6,cifar10_simclr,0.9233333333333332
55B,entropy,7,cifar10_simclr,0.9253333333333332
55B,entropy,8,cifar10_simclr,0.9263
55B,entropy,9,cifar10_simclr,0.9267666666666666
55B,wkmeans,0,cifar10_simclr,0.7415333333333334
55B,wkmeans,1,cifar10_simclr,0.8763333333333333
55B,wkmeans,2,cifar10_simclr,0.9046333333333332
55B,wkmeans,3,cifar10_simclr,0.9133333333333332
55B,wkmeans,4,cifar10_simclr,0.9171
55B,wkmeans,5,cifar10_simclr,0.9189666666666668
55B,wkmeans,6,cifar10_simclr,0.9204
55B,wkmeans,7,cifar10_simclr,0.9218666666666666
55B,wkmeans,8,cifar10_simclr,0.9227666666666666
55B,wkmeans,9,cifar10_simclr,0.9236
55B,iwkmeans,0,cifar10_simclr,0.7494666666666666
55B,iwkmeans,1,cifar10_simclr,0.8835666666666666
55B,iwkmeans,2,cifar10_simclr,0.9070666666666668
55B,iwkmeans,3,cifar10_simclr,0.9142666666666668
55B,iwkmeans,4,cifar10_simclr,0.9180666666666668
55B,iwkmeans,5,cifar10_simclr,0.9211666666666668
55B,iwkmeans,6,cifar10_simclr,0.9219
55B,iwkmeans,7,cifar10_simclr,0.9225666666666666
55B,iwkmeans,8,cifar10_simclr,0.9232
55B,iwkmeans,9,cifar10_simclr,0.9242333333333334
11A,iconfidence,0,cifar10_simclr,0.7322
11A,iconfidence,1,cifar10_simclr,0.8763333333333333
11A,iconfidence,2,cifar10_simclr,0.9087666666666666
11A,iconfidence,3,cifar10_simclr,0.919
11A,iconfidence,4,cifar10_simclr,0.9226
11A,iconfidence,5,cifar10_simclr,0.9241666666666668
11A,iconfidence,6,cifar10_simclr,0.9253333333333332
11A,iconfidence,7,cifar10_simclr,0.9258333333333332
11A,iconfidence,8,cifar10_simclr,0.9266
11A,iconfidence,9,cifar10_simclr,0.9265333333333332
11B,iconfidence,0,cifar10_simclr,0.7304333333333334
11B,iconfidence,1,cifar10_simclr,0.8727666666666667
11B,iconfidence,2,cifar10_simclr,0.9033333333333332
11B,iconfidence,3,cifar10_simclr,0.9145333333333332
11B,iconfidence,4,cifar10_simclr,0.9182
11B,iconfidence,5,cifar10_simclr,0.9192
11B,iconfidence,6,cifar10_simclr,0.919
11B,iconfidence,7,cifar10_simclr,0.9203
11B,iconfidence,8,cifar10_simclr,0.9194333333333332
11B,iconfidence,9,cifar10_simclr,0.9209
22A,iconfidence,0,cifar10_simclr,0.7396333333333334
22A,iconfidence,1,cifar10_simclr,0.8772
22A,iconfidence,2,cifar10_simclr,0.9087666666666666
22A,iconfidence,3,cifar10_simclr,0.9175
22A,iconfidence,4,cifar10_simclr,0.9211666666666668
22A,iconfidence,5,cifar10_simclr,0.9229333333333334
22A,iconfidence,6,cifar10_simclr,0.9235333333333332
22A,iconfidence,7,cifar10_simclr,0.9245666666666666
22A,iconfidence,8,cifar10_simclr,0.9248333333333332
22A,iconfidence,9,cifar10_simclr,0.9259666666666668
22B,iconfidence,0,cifar10_simclr,0.7232
22B,iconfidence,1,cifar10_simclr,0.8776
22B,iconfidence,2,cifar10_simclr,0.9074
22B,iconfidence,3,cifar10_simclr,0.9144666666666666
22B,iconfidence,4,cifar10_simclr,0.9169333333333334
22B,iconfidence,5,cifar10_simclr,0.9187
22B,iconfidence,6,cifar10_simclr,0.9200666666666668
22B,iconfidence,7,cifar10_simclr,0.9208
22B,iconfidence,8,cifar10_simclr,0.9203
22B,iconfidence,9,cifar10_simclr,0.9203666666666668
33A,iconfidence,0,cifar10_simclr,0.7434
33A,iconfidence,1,cifar10_simclr,0.87
33A,iconfidence,2,cifar10_simclr,0.9070333333333334
33A,iconfidence,3,cifar10_simclr,0.9136
33A,iconfidence,4,cifar10_simclr,0.9192333333333332
33A,iconfidence,5,cifar10_simclr,0.9211666666666668
33A,iconfidence,6,cifar10_simclr,0.9218333333333332
33A,iconfidence,7,cifar10_simclr,0.9213333333333332
33A,iconfidence,8,cifar10_simclr,0.9224333333333332
33A,iconfidence,9,cifar10_simclr,0.9220666666666668
33B,iconfidence,0,cifar10_simclr,0.7362333333333333
33B,iconfidence,1,cifar10_simclr,0.8704666666666667
33B,iconfidence,2,cifar10_simclr,0.9081
33B,iconfidence,3,cifar10_simclr,0.9182666666666668
33B,iconfidence,4,cifar10_simclr,0.9205666666666666
33B,iconfidence,5,cifar10_simclr,0.9229
33B,iconfidence,6,cifar10_simclr,0.9232333333333334
33B,iconfidence,7,cifar10_simclr,0.9235666666666666
33B,iconfidence,8,cifar10_simclr,0.9235666666666666
33B,iconfidence,9,cifar10_simclr,0.9232666666666668
44A,iconfidence,0,cifar10_simclr,0.7413666666666666
44A,iconfidence,1,cifar10_simclr,0.8776666666666667
44A,iconfidence,2,cifar10_simclr,0.9101333333333332
44A,iconfidence,3,cifar10_simclr,0.9193
44A,iconfidence,4,cifar10_simclr,0.9220666666666668
44A,iconfidence,5,cifar10_simclr,0.9231666666666668
44A,iconfidence,6,cifar10_simclr,0.9237
44A,iconfidence,7,cifar10_simclr,0.9247
44A,iconfidence,8,cifar10_simclr,0.9254
44A,iconfidence,9,cifar10_simclr,0.9254666666666668
44B,iconfidence,0,cifar10_simclr,0.7509
44B,iconfidence,1,cifar10_simclr,0.8754333333333333
44B,iconfidence,2,cifar10_simclr,0.9052333333333332
44B,iconfidence,3,cifar10_simclr,0.9159333333333334
44B,iconfidence,4,cifar10_simclr,0.9195666666666666
44B,iconfidence,5,cifar10_simclr,0.9208666666666666
44B,iconfidence,6,cifar10_simclr,0.9213
44B,iconfidence,7,cifar10_simclr,0.9217333333333332
44B,iconfidence,8,cifar10_simclr,0.922
44B,iconfidence,9,cifar10_simclr,0.9222666666666668
55A,iconfidence,0,cifar10_simclr,0.7072666666666667
55A,iconfidence,1,cifar10_simclr,0.8635666666666667
55A,iconfidence,2,cifar10_simclr,0.9048333333333334
55A,iconfidence,3,cifar10_simclr,0.9135666666666666
55A,iconfidence,4,cifar10_simclr,0.9193666666666668
55A,iconfidence,5,cifar10_simclr,0.9211
55A,iconfidence,6,cifar10_simclr,0.9214
55A,iconfidence,7,cifar10_simclr,0.9225666666666666
55A,iconfidence,8,cifar10_simclr,0.9228333333333332
55A,iconfidence,9,cifar10_simclr,0.9232666666666668
55B,iconfidence,0,cifar10_simclr,0.7091666666666666
55B,iconfidence,1,cifar10_simclr,0.8673666666666666
55B,iconfidence,2,cifar10_simclr,0.9062
55B,iconfidence,3,cifar10_simclr,0.9164666666666668
55B,iconfidence,4,cifar10_simclr,0.9203666666666668
55B,iconfidence,5,cifar10_simclr,0.9211
55B,iconfidence,6,cifar10_simclr,0.9213666666666668
55B,iconfidence,7,cifar10_simclr,0.922
55B,iconfidence,8,cifar10_simclr,0.9226666666666666
55B,iconfidence,9,cifar10_simclr,0.9221
11A,uncertainty,0,cifar10_simclr,0.7533666666666666
11A,uncertainty,1,cifar10_simclr,0.8751333333333333
11A,uncertainty,2,cifar10_simclr,0.8991333333333333
11A,uncertainty,3,cifar10_simclr,0.91
11A,uncertainty,4,cifar10_simclr,0.9160666666666668
11A,uncertainty,5,cifar10_simclr,0.9197
11A,uncertainty,6,cifar10_simclr,0.9225666666666666
11A,uncertainty,7,cifar10_simclr,0.9253333333333332
11A,uncertainty,8,cifar10_simclr,0.9248
11A,uncertainty,9,cifar10_simclr,0.9254
11B,uncertainty,0,cifar10_simclr,0.7416333333333334
11B,uncertainty,1,cifar10_simclr,0.8764666666666666
11B,uncertainty,2,cifar10_simclr,0.9015
11B,uncertainty,3,cifar10_simclr,0.9109999999999999
11B,uncertainty,4,cifar10_simclr,0.9179666666666668
11B,uncertainty,5,cifar10_simclr,0.9195333333333332
11B,uncertainty,6,cifar10_simclr,0.9212
11B,uncertainty,7,cifar10_simclr,0.9235
11B,uncertainty,8,cifar10_simclr,0.9235333333333332
11B,uncertainty,9,cifar10_simclr,0.9246
22A,uncertainty,0,cifar10_simclr,0.7427
22A,uncertainty,1,cifar10_simclr,0.8752
22A,uncertainty,2,cifar10_simclr,0.9020333333333334
22A,uncertainty,3,cifar10_simclr,0.9107666666666666
22A,uncertainty,4,cifar10_simclr,0.9163
22A,uncertainty,5,cifar10_simclr,0.9196333333333332
22A,uncertainty,6,cifar10_simclr,0.9214
22A,uncertainty,7,cifar10_simclr,0.9232666666666668
22A,uncertainty,8,cifar10_simclr,0.9249333333333334
22A,uncertainty,9,cifar10_simclr,0.9253
22B,uncertainty,0,cifar10_simclr,0.7218333333333333
22B,uncertainty,1,cifar10_simclr,0.8729333333333333
22B,uncertainty,2,cifar10_simclr,0.9011
22B,uncertainty,3,cifar10_simclr,0.9126333333333332
22B,uncertainty,4,cifar10_simclr,0.9174
22B,uncertainty,5,cifar10_simclr,0.9201333333333334
22B,uncertainty,6,cifar10_simclr,0.9214333333333332
22B,uncertainty,7,cifar10_simclr,0.9219666666666668
22B,uncertainty,8,cifar10_simclr,0.9229999999999999
22B,uncertainty,9,cifar10_simclr,0.9232333333333334
33A,uncertainty,0,cifar10_simclr,0.7194666666666667
33A,uncertainty,1,cifar10_simclr,0.8704
33A,uncertainty,2,cifar10_simclr,0.8943666666666666
33A,uncertainty,3,cifar10_simclr,0.9051333333333332
33A,uncertainty,4,cifar10_simclr,0.9143333333333332
33A,uncertainty,5,cifar10_simclr,0.9192333333333332
33A,uncertainty,6,cifar10_simclr,0.9203666666666668
33A,uncertainty,7,cifar10_simclr,0.9225666666666666
33A,uncertainty,8,cifar10_simclr,0.924
33A,uncertainty,9,cifar10_simclr,0.9242666666666668
33B,uncertainty,0,cifar10_simclr,0.7466666666666667
33B,uncertainty,1,cifar10_simclr,0.8793666666666666
33B,uncertainty,2,cifar10_simclr,0.9045333333333332
33B,uncertainty,3,cifar10_simclr,0.9147666666666666
33B,uncertainty,4,cifar10_simclr,0.9196
33B,uncertainty,5,cifar10_simclr,0.9224333333333332
33B,uncertainty,6,cifar10_simclr,0.9231
33B,uncertainty,7,cifar10_simclr,0.9249666666666668
33B,uncertainty,8,cifar10_simclr,0.9257666666666666
33B,uncertainty,9,cifar10_simclr,0.9259
44A,uncertainty,0,cifar10_simclr,0.7374666666666667
44A,uncertainty,1,cifar10_simclr,0.8761666666666666
44A,uncertainty,2,cifar10_simclr,0.9032333333333332
44A,uncertainty,3,cifar10_simclr,0.9143
44A,uncertainty,4,cifar10_simclr,0.9195333333333332
44A,uncertainty,5,cifar10_simclr,0.9227
44A,uncertainty,6,cifar10_simclr,0.9244333333333332
44A,uncertainty,7,cifar10_simclr,0.9260333333333334
44A,uncertainty,8,cifar10_simclr,0.9269333333333334
44A,uncertainty,9,cifar10_simclr,0.9262333333333334
44B,uncertainty,0,cifar10_simclr,0.7414
44B,uncertainty,1,cifar10_simclr,0.8754666666666666
44B,uncertainty,2,cifar10_simclr,0.9003333333333333
44B,uncertainty,3,cifar10_simclr,0.9117666666666666
44B,uncertainty,4,cifar10_simclr,0.9182
44B,uncertainty,5,cifar10_simclr,0.9219
44B,uncertainty,6,cifar10_simclr,0.9232333333333334
44B,uncertainty,7,cifar10_simclr,0.9241666666666668
44B,uncertainty,8,cifar10_simclr,0.9256666666666666
44B,uncertainty,9,cifar10_simclr,0.9257666666666666
55A,uncertainty,0,cifar10_simclr,0.7057
55A,uncertainty,1,cifar10_simclr,0.8729
55A,uncertainty,2,cifar10_simclr,0.9027666666666668
55A,uncertainty,3,cifar10_simclr,0.9120333333333334
55A,uncertainty,4,cifar10_simclr,0.9162333333333332
55A,uncertainty,5,cifar10_simclr,0.92
55A,uncertainty,6,cifar10_simclr,0.9221666666666668
55A,uncertainty,7,cifar10_simclr,0.9238
55A,uncertainty,8,cifar10_simclr,0.9241
55A,uncertainty,9,cifar10_simclr,0.9242666666666668
55B,uncertainty,0,cifar10_simclr,0.7148666666666667
55B,uncertainty,1,cifar10_simclr,0.8729
55B,uncertainty,2,cifar10_simclr,0.8996
55B,uncertainty,3,cifar10_simclr,0.9118333333333334
55B,uncertainty,4,cifar10_simclr,0.9171666666666668
55B,uncertainty,5,cifar10_simclr,0.9215333333333332
55B,uncertainty,6,cifar10_simclr,0.9228333333333332
55B,uncertainty,7,cifar10_simclr,0.9239
55B,uncertainty,8,cifar10_simclr,0.9249333333333334
55B,uncertainty,9,cifar10_simclr,0.9248333333333332
11A,kcenter,0,cifar10_simclr,0.7348
11A,kcenter,1,cifar10_simclr,0.8748
11A,kcenter,2,cifar10_simclr,0.9030333333333334
11A,kcenter,3,cifar10_simclr,0.9125666666666666
11A,kcenter,4,cifar10_simclr,0.9162333333333332
11A,kcenter,5,cifar10_simclr,0.9180666666666668
11A,kcenter,6,cifar10_simclr,0.9203666666666668
11A,kcenter,7,cifar10_simclr,0.9217333333333332
11A,kcenter,8,cifar10_simclr,0.9225
11A,kcenter,9,cifar10_simclr,0.9232
11B,kcenter,0,cifar10_simclr,0.7373333333333333
11B,kcenter,1,cifar10_simclr,0.8667
11B,kcenter,2,cifar10_simclr,0.8981
11B,kcenter,3,cifar10_simclr,0.9079
11B,kcenter,4,cifar10_simclr,0.9135
11B,kcenter,5,cifar10_simclr,0.9169333333333334
11B,kcenter,6,cifar10_simclr,0.9189333333333334
11B,kcenter,7,cifar10_simclr,0.9206
11B,kcenter,8,cifar10_simclr,0.9223666666666668
11B,kcenter,9,cifar10_simclr,0.9233666666666668
22A,kcenter,0,cifar10_simclr,0.7393333333333333
22A,kcenter,1,cifar10_simclr,0.8702666666666666
22A,kcenter,2,cifar10_simclr,0.8979
22A,kcenter,3,cifar10_simclr,0.9103
22A,kcenter,4,cifar10_simclr,0.9163666666666668
22A,kcenter,5,cifar10_simclr,0.9186666666666666
22A,kcenter,6,cifar10_simclr,0.9216
22A,kcenter,7,cifar10_simclr,0.9228
22A,kcenter,8,cifar10_simclr,0.9245333333333332
22A,kcenter,9,cifar10_simclr,0.9257
22B,kcenter,0,cifar10_simclr,0.7431333333333333
22B,kcenter,1,cifar10_simclr,0.8708333333333333
22B,kcenter,2,cifar10_simclr,0.9002
22B,kcenter,3,cifar10_simclr,0.9096666666666666
22B,kcenter,4,cifar10_simclr,0.9139666666666668
22B,kcenter,5,cifar10_simclr,0.9169
22B,kcenter,6,cifar10_simclr,0.9190333333333334
22B,kcenter,7,cifar10_simclr,0.9208333333333332
22B,kcenter,8,cifar10_simclr,0.9215333333333332
22B,kcenter,9,cifar10_simclr,0.9213666666666668
33A,kcenter,0,cifar10_simclr,0.6835333333333333
33A,kcenter,1,cifar10_simclr,0.8645333333333334
33A,kcenter,2,cifar10_simclr,0.8967666666666667
33A,kcenter,3,cifar10_simclr,0.9073333333333332
33A,kcenter,4,cifar10_simclr,0.9125666666666666
33A,kcenter,5,cifar10_simclr,0.9156666666666666
33A,kcenter,6,cifar10_simclr,0.9184666666666668
33A,kcenter,7,cifar10_simclr,0.9194666666666668
33A,kcenter,8,cifar10_simclr,0.9223666666666668
33A,kcenter,9,cifar10_simclr,0.9238
33B,kcenter,0,cifar10_simclr,0.7258
33B,kcenter,1,cifar10_simclr,0.8705
33B,kcenter,2,cifar10_simclr,0.8985666666666666
33B,kcenter,3,cifar10_simclr,0.9084
33B,kcenter,4,cifar10_simclr,0.9152
33B,kcenter,5,cifar10_simclr,0.9195333333333332
33B,kcenter,6,cifar10_simclr,0.9199333333333334
33B,kcenter,7,cifar10_simclr,0.9229
33B,kcenter,8,cifar10_simclr,0.9244333333333332
33B,kcenter,9,cifar10_simclr,0.9251666666666668
44A,kcenter,0,cifar10_simclr,0.7026
44A,kcenter,1,cifar10_simclr,0.8739666666666667
44A,kcenter,2,cifar10_simclr,0.9032
44A,kcenter,3,cifar10_simclr,0.9125666666666666
44A,kcenter,4,cifar10_simclr,0.9172666666666668
44A,kcenter,5,cifar10_simclr,0.9210666666666668
44A,kcenter,6,cifar10_simclr,0.9233333333333332
44A,kcenter,7,cifar10_simclr,0.9238333333333332
44A,kcenter,8,cifar10_simclr,0.9247
44A,kcenter,9,cifar10_simclr,0.9259333333333334
44B,kcenter,0,cifar10_simclr,0.7316
44B,kcenter,1,cifar10_simclr,0.8645333333333334
44B,kcenter,2,cifar10_simclr,0.8955333333333333
44B,kcenter,3,cifar10_simclr,0.9062
44B,kcenter,4,cifar10_simclr,0.9113666666666668
44B,kcenter,5,cifar10_simclr,0.9159333333333334
44B,kcenter,6,cifar10_simclr,0.9179
44B,kcenter,7,cifar10_simclr,0.9205666666666666
44B,kcenter,8,cifar10_simclr,0.9222666666666668
44B,kcenter,9,cifar10_simclr,0.9232666666666668
55A,kcenter,0,cifar10_simclr,0.7112333333333334
55A,kcenter,1,cifar10_simclr,0.868
55A,kcenter,2,cifar10_simclr,0.898
55A,kcenter,3,cifar10_simclr,0.9102
55A,kcenter,4,cifar10_simclr,0.9147666666666666
55A,kcenter,5,cifar10_simclr,0.917
55A,kcenter,6,cifar10_simclr,0.9193333333333332
55A,kcenter,7,cifar10_simclr,0.9206666666666666
55A,kcenter,8,cifar10_simclr,0.9221333333333334
55A,kcenter,9,cifar10_simclr,0.9232
55B,kcenter,0,cifar10_simclr,0.707
55B,kcenter,1,cifar10_simclr,0.8706333333333334
55B,kcenter,2,cifar10_simclr,0.9014333333333333
55B,kcenter,3,cifar10_simclr,0.9113333333333333
55B,kcenter,4,cifar10_simclr,0.9159666666666667
55B,kcenter,5,cifar10_simclr,0.9191333333333334
55B,kcenter,6,cifar10_simclr,0.9212666666666667
55B,kcenter,7,cifar10_simclr,0.9226666666666666
55B,kcenter,8,cifar10_simclr,0.9243333333333333
55B,kcenter,9,cifar10_simclr,0.925
